{
  "input.brightness": 0.2774080854835688,
  "input.contrast": 0.26320180601429427,
  "input.saturation": 0.0644854069287889,
  "input.hue": 0.052798723682734326,
  "model.backbone.nms_thresh": 0.060027476522914014,
  "model.roi_heads.fg_iou_threshold": 0.6943202840598118,
  "model.roi_heads.nms": 0.4353777024246023,
  "model.roi_heads.detections_per_img": 50,
  "model.roi_relation_head.context_dropout_rate": 0.17222335111443132,
  "model.roi_relation_head.batch_size_per_image": 32,
  "model.roi_relation_head.positive_fraction": 0.4247110761540007,
  "model.roi_relation_head.num_sample_per_gt_rel": 16,
  "model.roi_relation_head.add_gtbox_to_proposal_in_train": true
}