{
  "input.brightness": 0.001518475153865606,
  "input.contrast": 0.048242415425249596,
  "input.saturation": 0.13718344734164653,
  "input.hue": 0.055351615815415464,
  "model.backbone.nms_thresh": 0.026225706588771085,
  "model.roi_heads.fg_iou_threshold": 0.5784942583111959,
  "model.roi_heads.nms": 0.4992627274716375,
  "model.roi_heads.detections_per_img": 75,
  "model.roi_relation_head.context_dropout_rate": 0.24890801116741507,
  "model.roi_relation_head.batch_size_per_image": 32,
  "model.roi_relation_head.positive_fraction": 0.540553694163356,
  "model.roi_relation_head.num_sample_per_gt_rel": 8,
  "model.roi_relation_head.add_gtbox_to_proposal_in_train": false
}