{
  "input.brightness": 0.29146091009000014,
  "input.contrast": 0.1621688297428387,
  "input.saturation": 0.02015970686821615,
  "input.hue": 0.07377301720681181,
  "model.backbone.nms_thresh": 0.0786962538580915,
  "model.roi_heads.fg_iou_threshold": 0.5935402288245234,
  "model.roi_heads.nms": 0.4844971339087735,
  "model.roi_heads.detections_per_img": 50,
  "model.roi_relation_head.context_dropout_rate": 0.20014969986880704,
  "model.roi_relation_head.batch_size_per_image": 64,
  "model.roi_relation_head.positive_fraction": 0.4212022515000561,
  "model.roi_relation_head.num_sample_per_gt_rel": 16,
  "model.roi_relation_head.add_gtbox_to_proposal_in_train": true
}