{
  "input.brightness": 0.11236203565420874,
  "input.contrast": 0.2852142919229748,
  "input.saturation": 0.18299848545285127,
  "input.hue": 0.04789267873576293,
  "model.backbone.nms_thresh": 0.0021852986613813824,
  "model.roi_heads.fg_iou_threshold": 0.5545980821176709,
  "model.roi_heads.nms": 0.27032926425886983,
  "model.roi_heads.detections_per_img": 75,
  "model.roi_relation_head.context_dropout_rate": 0.12431868873739667,
  "model.roi_relation_head.batch_size_per_image": 128,
  "model.roi_relation_head.positive_fraction": 0.35118075652474057,
  "model.roi_relation_head.num_sample_per_gt_rel": 8,
  "model.roi_relation_head.add_gtbox_to_proposal_in_train": true
}