{
  "input.brightness": 0.05990213464750792,
  "input.contrast": 0.15427033152408348,
  "input.saturation": 0.14810364221551062,
  "input.hue": 0.003716033017599818,
  "model.backbone.nms_thresh": 0.02099292922981179,
  "model.roi_heads.fg_iou_threshold": 0.559683443290552,
  "model.roi_heads.nms": 0.27276805754484784,
  "model.roi_heads.detections_per_img": 25,
  "model.roi_relation_head.context_dropout_rate": 0.2040533728088605,
  "model.roi_relation_head.batch_size_per_image": 128,
  "model.roi_relation_head.positive_fraction": 0.29057299356000593,
  "model.roi_relation_head.num_sample_per_gt_rel": 4,
  "model.roi_relation_head.add_gtbox_to_proposal_in_train": false
}