{
  "input.brightness": 0.2722699421778279,
  "input.contrast": 0.07478766874466249,
  "input.saturation": 0.10259573075890743,
  "input.hue": 0.060444091083443896,
  "model.backbone.nms_thresh": 0.003146919894620846,
  "model.roi_heads.fg_iou_threshold": 0.5269429684400776,
  "model.roi_heads.nms": 0.3514130085198188,
  "model.roi_heads.detections_per_img": 25,
  "model.roi_relation_head.context_dropout_rate": 0.11529952061011255,
  "model.roi_relation_head.batch_size_per_image": 128,
  "model.roi_relation_head.positive_fraction": 0.3113012162401524,
  "model.roi_relation_head.num_sample_per_gt_rel": 32,
  "model.roi_relation_head.add_gtbox_to_proposal_in_train": true
}