{
  "input.brightness": 0.10753971856328177,
  "input.contrast": 0.03476071785753891,
  "input.saturation": 0.21577585646889838,
  "input.hue": 0.04986385014620463,
  "model.backbone.nms_thresh": 0.005248851664323326,
  "model.roi_heads.fg_iou_threshold": 0.5222454226001083,
  "model.roi_heads.nms": 0.35884381260048176,
  "model.roi_heads.detections_per_img": 50,
  "model.roi_relation_head.context_dropout_rate": 0.29963567552804826,
  "model.roi_relation_head.batch_size_per_image": 64,
  "model.roi_relation_head.positive_fraction": 0.38295649028369794,
  "model.roi_relation_head.num_sample_per_gt_rel": 32,
  "model.roi_relation_head.add_gtbox_to_proposal_in_train": true
}